2026-06-23_02-31-36,100,draft.go:2026-06-23_02-31-36
2026-06-23_02-32-03,66,draft.go:2026-06-23_02-32-03
2026-06-23_02-32-16,66,draft.go:2026-06-23_02-32-16
2026-06-23_02-32-44,66,draft.go:2026-06-23_02-32-44
2026-06-23_02-32-46,66,draft.go:2026-06-23_02-32-44
2026-06-23_02-32-47,66,draft.go:2026-06-23_02-32-44
2026-06-23_02-34-26,66,draft.go:2026-06-23_02-32-44
2026-06-23_02-41-23,66,draft.go:2026-06-23_02-32-44
2026-06-23_02-42-56,66,draft.go:2026-06-23_02-32-44
2026-06-23_02-43-42,66,draft.go:2026-06-23_02-32-44
2026-06-23_02-46-30,66,draft.go:2026-06-23_02-32-44
2026-06-23_02-47-30,66,draft.go:2026-06-23_02-32-44
2026-06-23_02-48-33,66,draft.go:2026-06-23_02-32-44
2026-06-23_02-52-42,66,draft.go:2026-06-23_02-32-44
2026-06-23_02-52-46,66,draft.go:2026-06-23_02-32-44
2026-06-23_02-52-52,66,draft.go:2026-06-23_02-32-44
2026-06-23_02-54-30,66,draft.go:2026-06-23_02-32-44
2026-06-23_02-56-22,66,draft.go:2026-06-23_02-32-44
2026-06-23_03-00-40,66,draft.go:2026-06-23_02-32-44
2026-06-23_03-02-58,66,draft.go:2026-06-23_02-32-44
2026-06-23_03-02-59,66,draft.go:2026-06-23_02-32-44
2026-06-23_03-03-06,66,draft.go:2026-06-23_02-32-44
2026-06-23_03-03-06,66,draft.go:2026-06-23_02-32-44
2026-06-23_03-03-55,66,draft.go:2026-06-23_02-32-44
2026-06-23_03-06-04,66,draft.go:2026-06-23_02-32-44
2026-06-23_03-15-53,66,draft.go:2026-06-23_02-32-44
2026-06-23_03-16-25,66,draft.go:2026-06-23_02-32-44
2026-06-23_03-17-46,66,draft.go:2026-06-23_02-32-44
2026-06-23_03-24-58,66,draft.go:2026-06-23_02-32-44
2026-06-23_03-28-27,66,draft.go:2026-06-23_02-32-44
2026-06-23_03-35-01,66,draft.go:2026-06-23_02-32-44
2026-06-23_03-41-22,66,draft.go:2026-06-23_02-32-44
2026-06-23_03-41-31,100,draft.go:2026-06-23_03-41-31
