2026-04-27_01-03-23,0,main.go:2026-04-27_01-03-23
2026-04-27_01-05-49,0,main.go:2026-04-27_01-05-49
2026-04-27_01-25-58,0,main.go:2026-04-27_01-25-58
2026-04-27_01-38-05,0,main.go:2026-04-27_01-38-05
2026-04-27_01-38-45,33,main.go:2026-04-27_01-38-45
2026-04-27_01-39-23,33,main.go:2026-04-27_01-39-23
2026-04-27_01-39-40,66,main.go:2026-04-27_01-39-40
2026-04-27_01-40-37,100,main.go:2026-04-27_01-40-37
2026-04-27_01-42-26,100,main.go:2026-04-27_01-42-26
2026-04-27_01-43-09,100,main.go:2026-04-27_01-43-09
2026-04-27_02-35-58,100,main.go:2026-04-27_02-35-58
