2026-05-05_01-18-48,0,dlist.go:2026-05-05_01-18-48;main.go:2026-05-05_01-18-48
2026-05-05_01-20-47,0,dlist.go:2026-05-05_01-20-47;main.go:2026-05-05_01-18-48
2026-05-05_01-52-49,0,dlist.go:2026-05-05_01-20-47;main.go:2026-05-05_01-52-49
2026-05-05_01-56-20,0,dlist.go:2026-05-05_01-20-47;main.go:2026-05-05_01-56-20
2026-05-05_01-56-37,0,dlist.go:2026-05-05_01-20-47;main.go:2026-05-05_01-56-37
2026-05-05_01-56-55,0,dlist.go:2026-05-05_01-20-47;main.go:2026-05-05_01-56-55
2026-05-05_01-57-58,0,dlist.go:2026-05-05_01-20-47;main.go:2026-05-05_01-57-58
2026-05-05_02-00-25,0,dlist.go:2026-05-05_01-20-47;main.go:2026-05-05_02-00-25
2026-05-05_02-02-28,0,dlist.go:2026-05-05_01-20-47;main.go:2026-05-05_02-02-28
2026-05-05_02-02-46,100,dlist.go:2026-05-05_01-20-47;main.go:2026-05-05_02-02-46
