2026-06-17_02-58-34,100,main.go:2026-06-17_02-58-34
2026-06-17_02-58-52,16,main.go:2026-06-17_02-58-52
2026-06-17_02-58-55,16,main.go:2026-06-17_02-58-52
2026-06-17_02-58-55,16,main.go:2026-06-17_02-58-52
2026-06-17_03-01-42,16,main.go:2026-06-17_02-58-52
2026-06-17_03-01-43,16,main.go:2026-06-17_02-58-52
2026-06-17_03-01-44,16,main.go:2026-06-17_02-58-52
2026-06-17_03-03-54,16,main.go:2026-06-17_02-58-52
2026-06-17_03-04-16,16,main.go:2026-06-17_02-58-52
2026-06-17_03-04-18,16,main.go:2026-06-17_02-58-52
2026-06-17_03-04-24,16,main.go:2026-06-17_02-58-52
2026-06-17_03-04-24,16,main.go:2026-06-17_02-58-52
2026-06-17_03-05-47,16,main.go:2026-06-17_02-58-52
2026-06-17_03-05-59,100,main.go:2026-06-17_03-05-59
2026-06-17_16-33-50,16,main.go:2026-06-17_16-33-50
2026-06-17_16-33-57,16,main.go:2026-06-17_16-33-50
2026-06-17_16-38-14,16,main.go:2026-06-17_16-33-50
2026-06-17_16-38-36,16,main.go:2026-06-17_16-33-50
2026-06-17_16-38-38,16,main.go:2026-06-17_16-33-50
2026-06-17_16-38-39,16,main.go:2026-06-17_16-33-50
2026-06-17_16-38-40,16,main.go:2026-06-17_16-33-50
2026-06-17_16-38-44,16,main.go:2026-06-17_16-33-50
2026-06-17_16-38-45,16,main.go:2026-06-17_16-33-50
2026-06-17_16-38-47,16,main.go:2026-06-17_16-33-50
2026-06-17_16-38-47,16,main.go:2026-06-17_16-33-50
2026-06-17_16-38-48,16,main.go:2026-06-17_16-33-50
2026-06-17_16-38-49,16,main.go:2026-06-17_16-33-50
2026-06-17_16-38-50,16,main.go:2026-06-17_16-33-50
2026-06-17_16-38-50,16,main.go:2026-06-17_16-33-50
2026-06-17_16-38-54,16,main.go:2026-06-17_16-33-50
2026-06-17_16-38-59,16,main.go:2026-06-17_16-33-50
2026-06-17_16-39-00,16,main.go:2026-06-17_16-33-50
2026-06-17_16-39-01,16,main.go:2026-06-17_16-33-50
2026-06-17_16-39-02,16,main.go:2026-06-17_16-33-50
2026-06-17_16-39-03,16,main.go:2026-06-17_16-33-50
2026-06-17_16-39-04,16,main.go:2026-06-17_16-33-50
2026-06-17_16-39-04,16,main.go:2026-06-17_16-33-50
2026-06-17_16-40-57,16,main.go:2026-06-17_16-33-50
2026-06-17_16-41-05,16,main.go:2026-06-17_16-33-50
2026-06-17_16-41-21,16,main.go:2026-06-17_16-33-50
2026-06-17_16-41-35,16,main.go:2026-06-17_16-33-50
2026-06-17_16-42-09,16,main.go:2026-06-17_16-33-50
2026-06-17_16-43-48,16,main.go:2026-06-17_16-33-50
2026-06-17_16-50-02,16,main.go:2026-06-17_16-33-50
2026-06-17_16-53-18,16,main.go:2026-06-17_16-33-50
2026-06-17_16-53-18,16,main.go:2026-06-17_16-33-50
2026-06-17_16-53-45,16,main.go:2026-06-17_16-33-50
2026-06-17_16-53-47,16,main.go:2026-06-17_16-33-50
2026-06-17_16-53-47,16,main.go:2026-06-17_16-33-50
2026-06-17_17-05-29,16,main.go:2026-06-17_16-33-50
2026-06-17_17-05-34,16,main.go:2026-06-17_16-33-50
2026-06-17_17-05-51,16,main.go:2026-06-17_16-33-50
2026-06-17_17-06-00,16,main.go:2026-06-17_16-33-50
2026-06-17_17-06-11,16,main.go:2026-06-17_16-33-50
2026-06-17_17-06-33,16,main.go:2026-06-17_16-33-50
2026-06-17_17-06-46,16,main.go:2026-06-17_16-33-50
2026-06-17_17-06-58,16,main.go:2026-06-17_16-33-50
2026-06-17_17-07-08,16,main.go:2026-06-17_16-33-50
2026-06-17_17-07-14,16,main.go:2026-06-17_16-33-50
2026-06-17_17-08-09,16,main.go:2026-06-17_16-33-50
2026-06-17_17-08-10,16,main.go:2026-06-17_16-33-50
2026-06-17_17-08-11,16,main.go:2026-06-17_16-33-50
2026-06-17_17-08-12,16,main.go:2026-06-17_16-33-50
2026-06-17_17-08-14,16,main.go:2026-06-17_16-33-50
2026-06-17_17-08-17,16,main.go:2026-06-17_16-33-50
2026-06-17_17-09-12,16,main.go:2026-06-17_16-33-50
2026-06-17_17-10-54,16,main.go:2026-06-17_16-33-50
2026-06-17_17-11-55,16,main.go:2026-06-17_16-33-50
2026-06-17_17-14-52,16,main.go:2026-06-17_16-33-50
2026-06-17_17-15-24,16,main.go:2026-06-17_16-33-50
2026-06-17_17-15-59,16,main.go:2026-06-17_16-33-50
2026-06-17_17-23-46,16,main.go:2026-06-17_16-33-50
2026-06-17_17-24-39,16,main.go:2026-06-17_16-33-50
2026-06-17_17-24-56,100,main.go:2026-06-17_17-24-56
