2026-03-12_20-47-32,0,draft.go:2026-03-12_20-47-32
2026-03-12_20-47-37,---,draft.go:2026-03-12_20-47-32
2026-03-12_20-51-03,---,draft.go:2026-03-12_20-51-03
2026-03-12_20-51-50,---,draft.go:2026-03-12_20-51-50
2026-03-12_20-51-59,0,draft.go:2026-03-12_20-51-50
2026-03-16_23-14-02,0,draft.go:2026-03-12_20-51-50
2026-03-16_23-15-07,0,draft.go:2026-03-12_20-51-50
2026-03-17_13-12-32,0,draft.go:2026-03-12_20-51-50
2026-03-17_13-13-30,0,draft.go:2026-03-17_13-13-30
2026-03-17_13-13-41,100,draft.go:2026-03-17_13-13-41
