2026-04-22_19-52-44,0,main.go:2026-04-22_19-52-44
2026-04-22_19-56-36,18,main.go:2026-04-22_19-56-36
2026-04-25_21-12-05,18,main.go:2026-04-22_19-56-36
2026-04-25_21-53-23,9,main.go:2026-04-25_21-53-23
2026-04-25_21-53-59,9,main.go:2026-04-25_21-53-23
2026-04-25_22-00-14,18,main.go:2026-04-25_22-00-14
2026-04-25_22-51-13,0,main.go:2026-04-25_22-51-13
2026-04-25_22-51-48,0,main.go:2026-04-25_22-51-13
2026-04-25_22-55-16,0,main.go:2026-04-25_22-51-13
2026-04-25_22-56-52,18,main.go:2026-04-25_22-56-52
2026-04-25_23-26-22,27,main.go:2026-04-25_23-26-22
2026-04-26_23-29-42,27,main.go:2026-04-26_23-29-42
2026-04-26_23-37-24,36,main.go:2026-04-26_23-37-24
2026-04-26_23-39-14,36,main.go:2026-04-26_23-39-14
2026-04-26_23-40-02,45,main.go:2026-04-26_23-40-02
