2026-05-27_19-14-33,20,main.go:2026-05-27_19-14-33;stack.go:2026-05-27_19-14-33
2026-05-27_20-56-43,20,main.go:2026-05-27_19-14-33;stack.go:2026-05-27_19-14-33
2026-05-27_20-56-54,20,main.go:2026-05-27_20-56-54;stack.go:2026-05-27_19-14-33
2026-05-27_22-30-57,20,main.go:2026-05-27_20-56-54;stack.go:2026-05-27_19-14-33
2026-05-27_22-32-39,100,main.go:2026-05-27_22-32-39;stack.go:2026-05-27_19-14-33
2026-05-27_22-35-30,100,main.go:2026-05-27_22-35-30;stack.go:2026-05-27_19-14-33
2026-05-27_22-35-42,100,main.go:2026-05-27_22-35-42;stack.go:2026-05-27_19-14-33
2026-05-27_22-35-45,20,main.go:2026-05-27_22-35-42;stack.go:2026-05-27_19-14-33
2026-05-27_22-35-56,0,main.go:2026-05-27_22-35-56;stack.go:2026-05-27_19-14-33
2026-05-27_22-35-57,0,main.go:2026-05-27_22-35-56;stack.go:2026-05-27_19-14-33
2026-05-27_22-35-58,0,main.go:2026-05-27_22-35-56;stack.go:2026-05-27_19-14-33
2026-05-27_22-36-01,20,main.go:2026-05-27_22-36-01;stack.go:2026-05-27_19-14-33
2026-05-28_02-27-11,20,main.go:2026-05-27_22-36-01;stack.go:2026-05-27_19-14-33
2026-05-28_02-27-23,20,main.go:2026-05-27_22-36-01;stack.go:2026-05-27_19-14-33
2026-05-28_02-27-51,20,main.go:2026-05-27_22-36-01;stack.go:2026-05-27_19-14-33
2026-05-28_02-27-57,20,main.go:2026-05-27_22-36-01;stack.go:2026-05-27_19-14-33
2026-05-28_02-28-06,20,main.go:2026-05-27_22-36-01;stack.go:2026-05-27_19-14-33
2026-05-28_02-28-12,20,main.go:2026-05-27_22-36-01;stack.go:2026-05-27_19-14-33
2026-05-28_02-28-18,20,main.go:2026-05-27_22-36-01;stack.go:2026-05-27_19-14-33
2026-05-28_02-29-08,20,main.go:2026-05-27_22-36-01;stack.go:2026-05-27_19-14-33
2026-05-28_02-29-13,20,main.go:2026-05-27_22-36-01;stack.go:2026-05-27_19-14-33
2026-05-28_02-29-21,20,main.go:2026-05-27_22-36-01;stack.go:2026-05-27_19-14-33
2026-05-28_02-29-34,20,main.go:2026-05-27_22-36-01;stack.go:2026-05-27_19-14-33
2026-05-28_02-29-51,20,main.go:2026-05-27_22-36-01;stack.go:2026-05-27_19-14-33
2026-05-28_02-29-58,20,main.go:2026-05-27_22-36-01;stack.go:2026-05-27_19-14-33
2026-05-28_02-30-06,20,main.go:2026-05-27_22-36-01;stack.go:2026-05-27_19-14-33
2026-05-28_02-30-21,20,main.go:2026-05-27_22-36-01;stack.go:2026-05-27_19-14-33
2026-05-28_02-30-30,20,main.go:2026-05-27_22-36-01;stack.go:2026-05-27_19-14-33
2026-05-28_02-30-42,20,main.go:2026-05-27_22-36-01;stack.go:2026-05-27_19-14-33
2026-05-28_02-30-53,20,main.go:2026-05-27_22-36-01;stack.go:2026-05-27_19-14-33
2026-05-28_02-31-30,20,main.go:2026-05-27_22-36-01;stack.go:2026-05-27_19-14-33
2026-05-28_02-31-33,20,main.go:2026-05-27_22-36-01;stack.go:2026-05-27_19-14-33
2026-05-28_02-31-41,20,main.go:2026-05-27_22-36-01;stack.go:2026-05-27_19-14-33
2026-05-28_02-31-48,20,main.go:2026-05-27_22-36-01;stack.go:2026-05-27_19-14-33
2026-05-28_02-32-02,20,main.go:2026-05-27_22-36-01;stack.go:2026-05-27_19-14-33
2026-05-28_02-32-09,20,main.go:2026-05-27_22-36-01;stack.go:2026-05-27_19-14-33
2026-05-28_02-32-17,20,main.go:2026-05-27_22-36-01;stack.go:2026-05-27_19-14-33
2026-05-28_02-32-31,20,main.go:2026-05-27_22-36-01;stack.go:2026-05-27_19-14-33
2026-05-28_02-32-45,20,main.go:2026-05-27_22-36-01;stack.go:2026-05-27_19-14-33
2026-05-28_02-33-18,20,main.go:2026-05-27_22-36-01;stack.go:2026-05-27_19-14-33
2026-05-28_02-33-46,20,main.go:2026-05-27_22-36-01;stack.go:2026-05-27_19-14-33
2026-05-28_02-33-54,20,main.go:2026-05-27_22-36-01;stack.go:2026-05-27_19-14-33
2026-05-28_02-33-58,20,main.go:2026-05-27_22-36-01;stack.go:2026-05-27_19-14-33
2026-05-28_02-34-10,20,main.go:2026-05-27_22-36-01;stack.go:2026-05-27_19-14-33
2026-05-28_02-37-01,20,main.go:2026-05-27_22-36-01;stack.go:2026-05-27_19-14-33
2026-05-28_02-40-10,20,main.go:2026-05-27_22-36-01;stack.go:2026-05-27_19-14-33
2026-05-28_02-40-13,20,main.go:2026-05-27_22-36-01;stack.go:2026-05-27_19-14-33
2026-05-28_02-40-16,20,main.go:2026-05-27_22-36-01;stack.go:2026-05-27_19-14-33
2026-05-28_02-40-16,20,main.go:2026-05-27_22-36-01;stack.go:2026-05-27_19-14-33
2026-05-28_02-40-25,20,main.go:2026-05-27_22-36-01;stack.go:2026-05-27_19-14-33
2026-05-28_02-40-27,20,main.go:2026-05-27_22-36-01;stack.go:2026-05-27_19-14-33
2026-05-28_02-40-30,20,main.go:2026-05-27_22-36-01;stack.go:2026-05-27_19-14-33
2026-05-28_02-40-37,20,main.go:2026-05-27_22-36-01;stack.go:2026-05-27_19-14-33
2026-05-28_02-43-06,20,main.go:2026-05-27_22-36-01;stack.go:2026-05-27_19-14-33
2026-05-28_02-43-07,20,main.go:2026-05-27_22-36-01;stack.go:2026-05-27_19-14-33
2026-05-28_02-46-25,20,main.go:2026-05-27_22-36-01;stack.go:2026-05-27_19-14-33
2026-05-28_02-46-26,20,main.go:2026-05-27_22-36-01;stack.go:2026-05-27_19-14-33
2026-05-28_02-46-52,20,main.go:2026-05-27_22-36-01;stack.go:2026-05-27_19-14-33
2026-05-28_02-46-53,20,main.go:2026-05-27_22-36-01;stack.go:2026-05-27_19-14-33
2026-05-28_02-47-29,20,main.go:2026-05-27_22-36-01;stack.go:2026-05-27_19-14-33
2026-05-28_02-47-31,20,main.go:2026-05-27_22-36-01;stack.go:2026-05-27_19-14-33
2026-05-28_02-47-32,20,main.go:2026-05-27_22-36-01;stack.go:2026-05-27_19-14-33
2026-05-28_02-47-35,20,main.go:2026-05-27_22-36-01;stack.go:2026-05-27_19-14-33
2026-05-28_02-47-37,20,main.go:2026-05-27_22-36-01;stack.go:2026-05-27_19-14-33
2026-05-28_02-47-53,20,main.go:2026-05-27_22-36-01;stack.go:2026-05-27_19-14-33
2026-05-28_02-48-08,20,main.go:2026-05-27_22-36-01;stack.go:2026-05-27_19-14-33
2026-05-28_02-50-03,20,main.go:2026-05-27_22-36-01;stack.go:2026-05-27_19-14-33
2026-05-28_02-50-11,100,main.go:2026-05-28_02-50-11;stack.go:2026-05-27_19-14-33
