2026-07-06_00-30-48,0,main.go:2026-07-06_00-30-48
2026-07-06_00-31-31,14,main.go:2026-07-06_00-31-31
2026-07-06_00-48-29,14,main.go:2026-07-06_00-31-31
2026-07-06_00-48-32,14,main.go:2026-07-06_00-31-31
2026-07-06_00-48-49,14,main.go:2026-07-06_00-31-31
2026-07-06_00-48-50,14,main.go:2026-07-06_00-31-31
2026-07-06_00-49-22,14,main.go:2026-07-06_00-31-31
2026-07-06_00-50-15,14,main.go:2026-07-06_00-31-31
2026-07-06_00-51-34,14,main.go:2026-07-06_00-31-31
2026-07-06_00-51-37,14,main.go:2026-07-06_00-31-31
2026-07-06_00-51-38,14,main.go:2026-07-06_00-31-31
2026-07-06_00-51-39,14,main.go:2026-07-06_00-31-31
2026-07-06_00-51-41,14,main.go:2026-07-06_00-31-31
2026-07-06_00-51-54,14,main.go:2026-07-06_00-31-31
2026-07-06_00-53-19,14,main.go:2026-07-06_00-31-31
2026-07-06_00-54-53,14,main.go:2026-07-06_00-31-31
2026-07-06_00-55-05,14,main.go:2026-07-06_00-31-31
2026-07-06_00-55-09,14,main.go:2026-07-06_00-31-31
2026-07-06_00-56-25,---,main.go:2026-07-06_00-31-31
2026-07-06_00-58-17,14,main.go:2026-07-06_00-31-31
2026-07-06_00-59-14,14,main.go:2026-07-06_00-31-31
2026-07-06_00-59-15,14,main.go:2026-07-06_00-31-31
2026-07-06_00-59-18,14,main.go:2026-07-06_00-31-31
2026-07-06_00-59-18,14,main.go:2026-07-06_00-31-31
2026-07-06_00-59-22,14,main.go:2026-07-06_00-31-31
2026-07-06_01-01-04,14,main.go:2026-07-06_00-31-31
2026-07-06_01-01-09,14,main.go:2026-07-06_00-31-31
2026-07-06_01-02-39,14,main.go:2026-07-06_00-31-31
2026-07-06_01-02-42,14,main.go:2026-07-06_00-31-31
2026-07-06_01-03-56,14,main.go:2026-07-06_00-31-31
2026-07-06_01-03-59,14,main.go:2026-07-06_00-31-31
2026-07-06_01-06-52,14,main.go:2026-07-06_00-31-31
2026-07-06_01-06-56,14,main.go:2026-07-06_00-31-31
2026-07-06_01-06-57,14,main.go:2026-07-06_00-31-31
2026-07-06_01-07-00,14,main.go:2026-07-06_00-31-31
2026-07-06_01-08-43,14,main.go:2026-07-06_00-31-31
2026-07-06_01-08-44,14,main.go:2026-07-06_00-31-31
2026-07-06_01-08-51,14,main.go:2026-07-06_00-31-31
2026-07-06_01-08-52,14,main.go:2026-07-06_00-31-31
2026-07-06_01-08-58,14,main.go:2026-07-06_00-31-31
2026-07-06_01-11-02,14,main.go:2026-07-06_00-31-31
2026-07-06_01-11-09,14,main.go:2026-07-06_00-31-31
2026-07-06_01-11-20,14,main.go:2026-07-06_00-31-31
2026-07-06_01-11-23,14,main.go:2026-07-06_00-31-31
2026-07-06_01-11-34,14,main.go:2026-07-06_00-31-31
2026-07-06_01-11-46,14,main.go:2026-07-06_00-31-31
2026-07-06_01-11-55,14,main.go:2026-07-06_00-31-31
2026-07-06_01-12-06,14,main.go:2026-07-06_00-31-31
2026-07-06_01-12-07,14,main.go:2026-07-06_00-31-31
2026-07-06_01-13-20,14,main.go:2026-07-06_00-31-31
2026-07-06_01-13-24,14,main.go:2026-07-06_00-31-31
2026-07-06_01-13-25,14,main.go:2026-07-06_00-31-31
2026-07-06_01-14-07,14,main.go:2026-07-06_00-31-31
2026-07-06_01-14-08,14,main.go:2026-07-06_00-31-31
2026-07-06_01-14-10,14,main.go:2026-07-06_00-31-31
2026-07-06_01-14-11,14,main.go:2026-07-06_00-31-31
2026-07-06_01-14-29,14,main.go:2026-07-06_00-31-31
2026-07-06_01-14-32,14,main.go:2026-07-06_00-31-31
2026-07-06_01-15-29,14,main.go:2026-07-06_00-31-31
2026-07-06_01-16-33,14,main.go:2026-07-06_00-31-31
2026-07-06_01-18-22,14,main.go:2026-07-06_00-31-31
2026-07-06_01-18-25,14,main.go:2026-07-06_00-31-31
2026-07-06_01-18-26,14,main.go:2026-07-06_00-31-31
2026-07-06_01-18-29,14,main.go:2026-07-06_00-31-31
2026-07-06_01-18-57,14,main.go:2026-07-06_00-31-31
2026-07-06_01-19-00,14,main.go:2026-07-06_00-31-31
2026-07-06_01-19-01,14,main.go:2026-07-06_00-31-31
2026-07-06_01-19-10,14,main.go:2026-07-06_00-31-31
2026-07-06_01-20-27,14,main.go:2026-07-06_00-31-31
2026-07-06_01-20-28,14,main.go:2026-07-06_00-31-31
2026-07-06_01-20-36,14,main.go:2026-07-06_00-31-31
2026-07-06_01-20-36,14,main.go:2026-07-06_00-31-31
2026-07-06_01-20-37,14,main.go:2026-07-06_00-31-31
2026-07-06_01-20-47,14,main.go:2026-07-06_00-31-31
2026-07-06_01-21-44,14,main.go:2026-07-06_00-31-31
2026-07-06_01-21-45,14,main.go:2026-07-06_00-31-31
2026-07-06_01-26-00,14,main.go:2026-07-06_00-31-31
2026-07-06_01-26-01,14,main.go:2026-07-06_00-31-31
2026-07-06_01-26-03,14,main.go:2026-07-06_00-31-31
2026-07-06_01-26-04,14,main.go:2026-07-06_00-31-31
2026-07-06_01-26-06,14,main.go:2026-07-06_00-31-31
2026-07-06_01-26-09,14,main.go:2026-07-06_00-31-31
2026-07-06_01-26-10,14,main.go:2026-07-06_00-31-31
2026-07-06_01-27-21,14,main.go:2026-07-06_00-31-31
2026-07-06_01-27-22,14,main.go:2026-07-06_00-31-31
2026-07-06_01-27-24,14,main.go:2026-07-06_00-31-31
2026-07-06_01-27-29,14,main.go:2026-07-06_00-31-31
2026-07-06_01-27-30,14,main.go:2026-07-06_00-31-31
2026-07-06_01-27-31,14,main.go:2026-07-06_00-31-31
2026-07-06_01-27-39,14,main.go:2026-07-06_00-31-31
2026-07-06_01-27-39,14,main.go:2026-07-06_00-31-31
2026-07-06_01-29-06,14,main.go:2026-07-06_00-31-31
2026-07-06_01-29-07,14,main.go:2026-07-06_00-31-31
2026-07-06_01-29-07,14,main.go:2026-07-06_00-31-31
2026-07-06_01-29-08,14,main.go:2026-07-06_00-31-31
2026-07-06_01-29-08,14,main.go:2026-07-06_00-31-31
2026-07-06_01-29-08,14,main.go:2026-07-06_00-31-31
2026-07-06_01-29-09,14,main.go:2026-07-06_00-31-31
2026-07-06_01-29-09,14,main.go:2026-07-06_00-31-31
2026-07-06_01-29-09,14,main.go:2026-07-06_00-31-31
2026-07-06_01-29-10,14,main.go:2026-07-06_00-31-31
2026-07-06_01-29-14,14,main.go:2026-07-06_00-31-31
2026-07-06_01-30-09,14,main.go:2026-07-06_00-31-31
2026-07-06_01-30-09,14,main.go:2026-07-06_00-31-31
2026-07-06_01-31-20,14,main.go:2026-07-06_00-31-31
2026-07-06_01-31-20,14,main.go:2026-07-06_00-31-31
2026-07-06_01-31-25,14,main.go:2026-07-06_00-31-31
2026-07-06_01-31-25,14,main.go:2026-07-06_00-31-31
2026-07-06_01-31-26,14,main.go:2026-07-06_00-31-31
2026-07-06_01-31-32,14,main.go:2026-07-06_00-31-31
2026-07-06_01-31-37,14,main.go:2026-07-06_00-31-31
2026-07-06_01-31-41,14,main.go:2026-07-06_00-31-31
2026-07-06_01-33-17,14,main.go:2026-07-06_00-31-31
2026-07-06_01-33-18,14,main.go:2026-07-06_00-31-31
2026-07-06_01-33-18,14,main.go:2026-07-06_00-31-31
2026-07-06_01-33-19,14,main.go:2026-07-06_00-31-31
2026-07-06_01-33-21,14,main.go:2026-07-06_00-31-31
2026-07-06_01-33-34,14,main.go:2026-07-06_00-31-31
2026-07-06_01-33-36,14,main.go:2026-07-06_00-31-31
2026-07-06_01-33-39,14,main.go:2026-07-06_00-31-31
2026-07-06_01-33-40,14,main.go:2026-07-06_00-31-31
2026-07-06_02-02-34,14,main.go:2026-07-06_00-31-31
2026-07-06_13-56-47,14,main.go:2026-07-06_00-31-31
2026-07-06_13-57-28,14,main.go:2026-07-06_00-31-31
2026-07-06_13-59-31,14,main.go:2026-07-06_00-31-31
2026-07-06_14-00-00,14,main.go:2026-07-06_00-31-31
2026-07-06_14-06-29,14,main.go:2026-07-06_00-31-31
2026-07-06_14-07-48,14,main.go:2026-07-06_00-31-31
2026-07-06_14-14-03,14,main.go:2026-07-06_00-31-31
2026-07-06_14-14-05,14,main.go:2026-07-06_00-31-31
2026-07-06_14-14-06,14,main.go:2026-07-06_00-31-31
2026-07-06_14-18-42,14,main.go:2026-07-06_00-31-31
2026-07-06_14-20-10,14,main.go:2026-07-06_00-31-31
2026-07-06_14-20-41,14,main.go:2026-07-06_00-31-31
2026-07-06_14-40-02,14,main.go:2026-07-06_14-40-02
2026-07-06_14-52-46,14,main.go:2026-07-06_14-40-02
2026-07-06_14-54-34,14,main.go:2026-07-06_14-40-02
2026-07-06_14-54-57,14,main.go:2026-07-06_14-40-02
2026-07-06_15-19-13,100,main.go:2026-07-06_15-19-13
