2026-03-31_03-22-17,85,shell.go:2026-03-31_03-22-17
2026-03-31_03-50-56,85,shell.go:2026-03-31_03-50-56
2026-03-31_04-03-20,85,shell.go:2026-03-31_03-50-56
2026-03-31_04-04-41,85,shell.go:2026-03-31_03-50-56
2026-03-31_04-07-38,100,shell.go:2026-03-31_04-07-38
2026-06-29_20-05-46,85,shell.go:2026-06-29_20-05-46
2026-06-29_20-10-25,85,shell.go:2026-06-29_20-10-25
2026-06-29_20-11-52,85,shell.go:2026-06-29_20-11-52
2026-06-29_20-12-18,85,shell.go:2026-06-29_20-11-52
2026-06-29_20-12-19,85,shell.go:2026-06-29_20-11-52
2026-06-29_20-12-20,85,shell.go:2026-06-29_20-11-52
2026-06-29_20-12-22,85,shell.go:2026-06-29_20-11-52
2026-06-29_20-12-22,85,shell.go:2026-06-29_20-11-52
2026-06-29_20-12-23,0,shell.go:2026-06-29_20-12-23
2026-06-29_20-12-24,85,shell.go:2026-06-29_20-12-24
2026-06-29_20-12-26,85,shell.go:2026-06-29_20-12-24
2026-06-29_20-15-14,85,shell.go:2026-06-29_20-12-24
2026-06-29_20-15-15,85,shell.go:2026-06-29_20-12-24
2026-06-29_20-15-20,85,shell.go:2026-06-29_20-12-24
2026-06-29_20-16-37,85,shell.go:2026-06-29_20-12-24
2026-06-29_20-16-45,85,shell.go:2026-06-29_20-12-24
2026-06-29_20-16-48,85,shell.go:2026-06-29_20-12-24
2026-06-29_20-16-48,85,shell.go:2026-06-29_20-12-24
2026-06-29_20-16-49,85,shell.go:2026-06-29_20-12-24
2026-06-29_20-16-49,85,shell.go:2026-06-29_20-12-24
2026-06-29_20-16-50,85,shell.go:2026-06-29_20-12-24
2026-06-29_20-16-50,85,shell.go:2026-06-29_20-12-24
2026-06-29_20-16-50,85,shell.go:2026-06-29_20-12-24
2026-06-29_20-16-51,85,shell.go:2026-06-29_20-12-24
2026-06-29_20-16-53,85,shell.go:2026-06-29_20-12-24
2026-06-29_20-16-53,85,shell.go:2026-06-29_20-12-24
2026-06-29_20-16-54,85,shell.go:2026-06-29_20-12-24
2026-06-29_20-16-55,85,shell.go:2026-06-29_20-12-24
2026-06-29_20-16-55,85,shell.go:2026-06-29_20-12-24
2026-06-29_20-17-16,85,shell.go:2026-06-29_20-12-24
2026-06-29_20-17-17,85,shell.go:2026-06-29_20-12-24
2026-06-29_20-17-33,85,shell.go:2026-06-29_20-12-24
2026-06-29_20-17-46,85,shell.go:2026-06-29_20-12-24
2026-06-29_20-18-15,85,shell.go:2026-06-29_20-12-24
2026-06-29_20-18-17,85,shell.go:2026-06-29_20-12-24
2026-06-29_20-18-17,85,shell.go:2026-06-29_20-12-24
2026-06-29_20-18-25,85,shell.go:2026-06-29_20-12-24
2026-06-29_20-18-26,85,shell.go:2026-06-29_20-12-24
2026-06-29_20-18-36,85,shell.go:2026-06-29_20-12-24
2026-06-29_20-18-37,85,shell.go:2026-06-29_20-12-24
2026-06-29_20-18-38,85,shell.go:2026-06-29_20-12-24
2026-06-29_20-18-40,85,shell.go:2026-06-29_20-12-24
2026-06-29_20-18-41,85,shell.go:2026-06-29_20-12-24
2026-06-29_20-18-42,85,shell.go:2026-06-29_20-12-24
2026-06-29_20-20-25,85,shell.go:2026-06-29_20-12-24
2026-06-29_20-20-42,85,shell.go:2026-06-29_20-12-24
2026-06-29_20-20-44,85,shell.go:2026-06-29_20-12-24
2026-06-29_20-22-10,85,shell.go:2026-06-29_20-12-24
2026-06-29_20-22-26,85,shell.go:2026-06-29_20-12-24
2026-06-29_20-25-56,85,shell.go:2026-06-29_20-12-24
2026-06-29_20-25-57,85,shell.go:2026-06-29_20-12-24
2026-06-29_20-26-21,85,shell.go:2026-06-29_20-12-24
2026-06-29_20-26-23,---,shell.go:2026-06-29_20-12-24
2026-06-29_20-27-24,85,shell.go:2026-06-29_20-12-24
2026-06-29_20-27-35,85,shell.go:2026-06-29_20-12-24
2026-06-29_20-29-04,85,shell.go:2026-06-29_20-12-24
2026-06-29_20-29-04,85,shell.go:2026-06-29_20-12-24
2026-06-29_20-29-08,85,shell.go:2026-06-29_20-12-24
2026-06-29_20-29-10,85,shell.go:2026-06-29_20-12-24
2026-06-29_20-29-12,85,shell.go:2026-06-29_20-12-24
2026-06-29_20-29-25,85,shell.go:2026-06-29_20-12-24
2026-06-29_20-29-25,85,shell.go:2026-06-29_20-12-24
2026-06-29_20-29-29,85,shell.go:2026-06-29_20-12-24
2026-06-29_20-29-31,85,shell.go:2026-06-29_20-12-24
2026-06-29_20-29-35,85,shell.go:2026-06-29_20-12-24
2026-06-29_20-29-56,85,shell.go:2026-06-29_20-12-24
2026-06-29_20-31-26,85,shell.go:2026-06-29_20-12-24
2026-06-29_20-31-30,85,shell.go:2026-06-29_20-12-24
2026-06-29_20-31-31,85,shell.go:2026-06-29_20-12-24
2026-06-29_20-31-47,85,shell.go:2026-06-29_20-12-24
2026-06-29_20-33-02,85,shell.go:2026-06-29_20-12-24
2026-06-29_20-33-04,85,shell.go:2026-06-29_20-12-24
2026-06-29_20-33-06,85,shell.go:2026-06-29_20-12-24
2026-06-29_20-33-06,85,shell.go:2026-06-29_20-12-24
2026-06-29_20-33-19,85,shell.go:2026-06-29_20-12-24
2026-06-29_20-33-20,85,shell.go:2026-06-29_20-12-24
2026-06-29_20-33-21,85,shell.go:2026-06-29_20-12-24
2026-06-29_20-34-50,85,shell.go:2026-06-29_20-12-24
2026-06-29_20-34-51,85,shell.go:2026-06-29_20-12-24
2026-06-29_20-35-01,85,shell.go:2026-06-29_20-12-24
2026-06-29_20-35-02,85,shell.go:2026-06-29_20-12-24
2026-06-29_20-35-08,85,shell.go:2026-06-29_20-12-24
2026-06-29_20-35-13,85,shell.go:2026-06-29_20-12-24
2026-06-29_20-35-25,85,shell.go:2026-06-29_20-12-24
2026-06-29_20-36-39,100,shell.go:2026-06-29_20-36-39
2026-06-29_20-42-03,100,shell.go:2026-06-29_20-36-39
