2026-03-12_21-13-46,---,draft.go:2026-03-12_21-13-46
2026-03-12_21-14-58,0,draft.go:2026-03-12_21-14-58
2026-03-12_21-17-32,---,draft.go:2026-03-12_21-17-32
2026-03-12_21-18-29,55,draft.go:2026-03-12_21-18-29
2026-03-12_21-19-06,77,draft.go:2026-03-12_21-19-06
2026-03-12_21-19-53,77,draft.go:2026-03-12_21-19-53
2026-03-12_21-20-58,88,draft.go:2026-03-12_21-20-58
2026-03-12_21-21-09,100,draft.go:2026-03-12_21-21-09
2026-03-12_22-04-09,100,draft.go:2026-03-12_21-21-09
2026-03-12_22-50-32,100,draft.go:2026-03-12_21-21-09
2026-03-12_22-53-35,100,draft.go:2026-03-12_21-21-09
2026-03-16_23-13-46,100,draft.go:2026-03-12_21-21-09
2026-03-16_23-13-51,100,draft.go:2026-03-12_21-21-09
